{"boundaryID": "GHA-ADM2-2480657", "boundaryISO": "GHA", "boundaryYear": "2019", "boundaryType": "ADM2", "boundarySource": "USAID Ghana HPNO, Ghana Statistical Service", "boundaryCanonical": "Districts", "boundaryLicense": "Creative Commons Attribution 4.0 International (CC BY 4.0)", "licenseDetail": "", "licenseSource": "https//creativecommons.org/licenses/by/4.0/", "boundarySourceURL": "https//hub.arcgis.com/datasets/USAID-Ghana-HPNO", "sourceDataUpdateDate": "Thu Jan 19 07:31:04 2023", "buildDate": "Dec 12, 2023", "admUnitCount": "260", "meanVertices": "2539.0", "minVertices": "15", "maxVertices": "13975", "meanPerimeterLengthKM": "175.87317160581716", "maxPerimeterLengthKM": "707.2388622159976", "minPerimeterLengthKM": "5.348893460879481", "meanAreaSqKM": "921.0570561270184", "minAreaSqKM": "1.556765182956466", "maxAreaSqKM": "7558.215177152616"}